USER_ID,ITEM_ID,TIMESTAMP,EVENT_TYPE
user_001,movie_A,1678886400,watch
user_002,series_X,1678886460,watch
user_003,movie_B,1678886520,watch
user_004,series_Y,1678886580,watch
user_005,movie_C,1678886640,watch
user_006,movie_D,1678886700,watch
user_007,series_Z,1678886760,watch
user_008,movie_E,1678886820,watch
user_009,movie_F,1678886880,watch
user_010,movie_G,1678886940,watch
user_011,series_A,1678887000,watch
user_012,movie_H,1678887060,watch
user_013,series_B,1678887120,watch
user_014,movie_I,1678887180,watch
user_015,series_C,1678887240,watch
user_016,movie_J,1678887300,watch
user_017,series_D,1678887360,watch
user_018,movie_K,1678887420,watch
user_019,series_E,1678887480,watch
user_020,movie_L,1678887540,watch
user_021,movie_M,1678887600,watch
user_022,series_F,1678887660,watch
user_023,movie_N,1678887720,watch
user_024,series_G,1678887780,watch
user_025,movie_O,1678887840,watch
user_026,series_H,1678887900,watch
user_027,movie_P,1678887960,watch
user_028,series_I,1678888020,watch
user_029,movie_Q,1678888080,watch
user_030,series_J,1678888140,watch
user_031,movie_R,1678888200,watch
user_032,series_K,1678888260,watch
user_033,movie_S,1678888320,watch
user_034,series_L,1678888380,watch
user_035,movie_T,1678888440,watch
user_036,series_M,1678888500,watch
user_037,movie_U,1678888560,watch
user_038,series_N,1678888620,watch
user_039,movie_V,1678888680,watch
user_040,series_O,1678888740,watch
user_041,movie_W,1678888800,watch
user_042,series_P,1678888860,watch
user_043,movie_X,1678888920,watch
user_044,series_Q,1678888980,watch
user_045,movie_Y,1678889040,watch
user_046,series_R,1678889100,watch
user_047,movie_Z,1678889160,watch
user_048,series_S,1678889220,watch
user_049,movie_AA,1678889280,watch
user_050,series_T,1678889340,watch
user_001,series_X,1678889400,watch
user_002,movie_A,1678889460,watch
user_003,series_Y,1678889520,watch
user_004,movie_B,1678889580,watch
user_005,series_Z,1678889640,watch
user_006,movie_E,1678889700,watch
user_007,movie_F,1678889760,watch
user_008,series_A,1678889820,watch
user_009,movie_H,1678889880,watch
user_010,series_B,1678889940,watch
user_011,movie_I,1678890000,watch
user_012,series_C,1678890060,watch
user_013,movie_J,1678890120,watch
user_014,series_D,1678890180,watch
user_015,movie_K,1678890240,watch
user_016,series_E,1678890300,watch
user_017,movie_L,1678890360,watch
user_018,movie_M,1678890420,watch
user_019,series_F,1678890480,watch
user_020,movie_N,1678890540,watch
user_021,series_G,1678890600,watch
user_022,movie_O,1678890660,watch
user_023,series_H,1678890720,watch
user_024,movie_P,1678890780,watch
user_025,series_I,1678890840,watch
user_026,movie_Q,1678890900,watch
user_027,series_J,1678890960,watch
user_028,movie_R,1678891020,watch
user_029,series_K,1678891080,watch
user_030,movie_S,1678891140,watch
user_031,series_L,1678891200,watch
user_032,movie_T,1678891260,watch
user_033,series_M,1678891320,watch
user_034,movie_U,1678891380,watch
user_035,series_N,1678891440,watch
user_036,movie_V,1678891500,watch
user_037,series_O,1678891560,watch
user_038,movie_W,1678891620,watch
user_039,series_P,1678891680,watch
user_040,movie_X,1678891740,watch
user_041,series_Q,1678891800,watch
user_042,movie_Y,1678891860,watch
user_043,series_R,1678889920,watch
user_044,movie_Z,1678889980,watch
user_045,series_S,1678890040,watch
user_046,movie_AA,1678890100,watch
user_047,series_T,1678890160,watch
user_048,movie_A,1678890220,watch
user_049,series_X,1678890280,watch
user_050,movie_B,1678890340,watch
user_001,movie_C,1678890400,watch
user_002,series_Y,1678890460,watch
user_003,movie_D,1678890520,watch
user_004,series_Z,1678890580,watch
user_005,movie_E,1678890640,watch
user_006,series_A,1678890700,watch
user_007,movie_F,1678890760,watch
user_008,series_B,1678890820,watch
user_009,movie_G,1678890880,watch
user_010,series_C,1678890940,watch
user_011,movie_H,1678891000,watch
user_012,series_D,1678891060,watch
user_013,movie_I,1678891120,watch
user_014,series_E,1678891180,watch
user_015,movie_J,1678891240,watch
user_016,series_F,1678891300,watch
user_017,movie_K,1678891360,watch
user_018,series_G,1678891420,watch
user_019,movie_L,1678891480,watch
user_020,series_H,1678891540,watch
user_021,movie_M,1678891600,watch
user_022,series_I,1678891660,watch
user_023,movie_N,1678891720,watch
user_024,series_J,1678891780,watch
user_025,movie_O,1678891840,watch
user_026,series_K,1678891900,watch
user_027,movie_P,1678891960,watch
user_028,series_L,1678892020,watch
user_029,movie_Q,1678892080,watch
user_030,series_M,1678892140,watch
user_031,movie_R,1678892200,watch
user_032,series_N,1678892260,watch
user_033,movie_S,1678892320,watch
user_034,series_O,1678892380,watch
user_035,movie_T,1678892440,watch
user_036,series_P,1678892500,watch
user_037,movie_U,1678892560,watch
user_038,series_Q,1678892620,watch
user_039,movie_V,1678892680,watch
user_040,series_R,1678892740,watch
user_041,movie_W,1678892800,watch
user_042,series_S,1678892860,watch
user_043,movie_X,1678892920,watch
user_044,series_T,1678892980,watch
user_045,movie_Y,1678893040,watch
user_046,series_U,1678893100,watch
user_047,movie_Z,1678893160,watch
user_048,series_V,1678893220,watch
user_049,movie_AA,1678893280,watch
user_050,series_W,1678893340,watch
user_001,series_X,1678893400,watch
user_002,movie_A,1678893460,watch
user_003,series_Y,1678893520,watch
user_004,movie_B,1678893580,watch
user_005,series_Z,1678893640,watch
user_006,movie_E,1678893700,watch
user_007,movie_F,1678893760,watch
user_008,series_A,1678893820,watch
user_009,movie_H,1678893880,watch
user_010,series_B,1678893940,watch
user_011,movie_I,1678894000,watch
user_012,series_C,1678894060,watch
user_013,movie_J,1678894120,watch
user_014,series_D,1678894180,watch
user_015,movie_K,1678894240,watch
user_016,series_E,1678894300,watch
user_017,movie_L,1678894360,watch
user_018,movie_M,1678894420,watch
user_019,series_F,1678894480,watch
user_020,movie_N,1678894540,watch
user_021,series_G,1678894600,watch
user_022,movie_O,1678894660,watch
user_023,series_H,1678894720,watch
user_024,movie_P,1678894780,watch
user_025,series_I,1678894840,watch
user_026,movie_Q,1678894900,watch
user_027,series_J,1678894960,watch
user_028,movie_R,1678895020,watch
user_029,series_K,1678895080,watch
user_030,movie_S,1678895140,watch
user_031,series_L,1678895200,watch
user_032,movie_T,1678895260,watch
user_033,series_M,1678895320,watch
user_034,movie_U,1678895380,watch
user_035,series_N,1678895440,watch
user_036,movie_V,1678895500,watch
user_037,series_O,1678895560,watch
user_038,movie_W,1678895620,watch
user_039,series_P,1678895680,watch
user_040,movie_X,1678895740,watch
user_041,series_Q,1678895800,watch
user_042,movie_Y,1678895860,watch
user_043,series_R,1678895920,watch
user_044,movie_Z,1678895980,watch
user_045,series_S,1678896040,watch
user_046,movie_AA,1678896100,watch
user_047,series_T,1678896160,watch
user_048,movie_A,1678896220,watch
user_049,series_X,1678896280,watch
user_050,movie_B,1678896340,watch
user_001,movie_D,1678896400,watch
user_002,series_Z,1678896460,watch
user_003,movie_C,1678896520,watch
user_004,series_A,1678896580,watch
user_005,movie_G,1678896640,watch
user_006,series_E,1678896700,watch
user_007,movie_K,1678896760,watch
user_008,series_H,1678896820,watch
user_009,movie_N,1678896880,watch
user_010,series_K,1678896940,watch
user_011,movie_Q,1678897000,watch
user_012,series_N,1678897060,watch
user_013,movie_T,1678897120,watch
user_014,series_Q,1678897180,watch
user_015,movie_W,1678897240,watch
user_016,series_T,1678897300,watch
user_017,movie_Y,1678897360,watch
user_018,series_U,1678897420,watch
user_019,movie_AA,1678897480,watch
user_020,series_V,1678897540,watch
user_021,movie_F,1678897600,watch
user_022,series_I,1678897660,watch
user_023,movie_R,1678897720,watch
user_024,series_L,1678897780,watch
user_025,movie_U,1678897840,watch
user_026,series_O,1678897900,watch
user_027,movie_X,1678897960,watch
user_028,series_R,1678898020,watch
user_029,movie_Z,1678898080,watch
user_030,series_W,1678898140,watch
user_031,movie_A,1678898200,watch
user_032,series_X,1678898260,watch
user_033,movie_B,1678898320,watch
user_034,series_Y,1678898380,watch
user_035,movie_C,1678898440,watch
user_036,series_Z,1678898500,watch
user_037,movie_D,1678898560,watch
user_038,series_A,1678898620,watch
user_039,movie_E,1678898680,watch
user_040,series_B,1678898740,watch
user_041,movie_F,1678898800,watch
user_042,series_C,1678898860,watch
user_043,movie_G,1678898920,watch
user_044,series_D,1678898980,watch
user_045,movie_H,1678899040,watch
user_046,series_E,1678899100,watch
user_047,movie_I,1678899160,watch
user_048,series_F,1678899220,watch
user_049,movie_J,1678899280,watch
user_050,series_G,1678899340,watch
user_001,movie_K,1678899400,watch
user_002,series_H,1678899460,watch
user_003,movie_L,1678899520,watch
user_004,series_I,1678899580,watch
user_005,movie_M,1678899640,watch
user_006,series_J,1678899700,watch
user_007,movie_N,1678899760,watch
user_008,series_K,1678899820,watch
user_009,movie_O,1678899880,watch
user_010,series_L,1678899940,watch
user_011,movie_P,1679000000,watch
user_012,series_M,1679000060,watch
user_013,movie_Q,1679000120,watch
user_014,series_N,1679000180,watch
user_015,movie_R,1679000240,watch
user_016,series_O,1679000300,watch
user_017,movie_S,1679000360,watch
user_018,series_P,1679000420,watch
user_019,movie_T,1679000480,watch
user_020,series_Q,1679000540,watch
user_021,movie_U,1679000600,watch
user_022,series_R,1679000660,watch
user_023,movie_V,1679000720,watch
user_024,series_S,1679000780,watch
user_025,movie_W,1679000840,watch
user_026,series_T,1679000900,watch
user_027,movie_X,1679000960,watch
user_028,series_U,1679001020,watch
user_029,movie_Y,1679001080,watch
user_030,series_V,1679001140,watch
user_031,movie_Z,1679001200,watch
user_032,series_W,1679001260,watch
user_033,movie_AA,1679001320,watch
user_034,series_X,1679001380,watch
user_035,movie_BB,1679001440,watch
user_036,series_Y,1679001500,watch
user_037,movie_CC,1679001560,watch
user_038,series_Z,1679001620,watch
user_039,movie_DD,1679001680,watch
user_040,series_AA,1679001740,watch
user_041,movie_EE,1679001800,watch
user_042,series_BB,1679001860,watch
user_043,movie_FF,1679001920,watch
user_044,series_CC,1679001980,watch
user_045,movie_GG,1679002040,watch
user_046,series_DD,1679002100,watch
user_047,movie_HH,1679002160,watch
user_048,series_EE,1679002220,watch
user_049,movie_II,1679002280,watch
user_050,series_FF,1679002340,watch
user_001,movie_JJ,1679002400,watch
user_002,series_GG,1679002460,watch
user_003,movie_KK,1679002520,watch
user_004,series_HH,1679002580,watch
user_005,movie_LL,1679002640,watch
user_006,series_II,1679002700,watch
user_007,movie_MM,1679002760,watch
user_008,series_JJ,1679002820,watch
user_009,movie_NN,1679002880,watch
user_010,series_KK,1679002940,watch
user_011,movie_OO,1679003000,watch
user_012,series_LL,1679003060,watch
user_013,movie_PP,1679003120,watch
user_014,series_MM,1679003180,watch
user_015,movie_QQ,1679003240,watch
user_016,series_NN,1679003300,watch
user_017,movie_RR,1679003360,watch
user_018,series_OO,1679003420,watch
user_019,movie_SS,1679003480,watch
user_020,series_PP,1679003540,watch
user_021,movie_TT,1679003600,watch
user_022,series_QQ,1679003660,watch
user_023,movie_UU,1679003720,watch
user_024,series_RR,1679003780,watch
user_025,movie_VV,1679003840,watch
user_026,series_SS,1679003900,watch
user_027,movie_WW,1679003960,watch
user_028,series_TT,1679004020,watch
user_029,movie_XX,1679004080,watch
user_030,series_UU,1679004140,watch
user_031,movie_YY,1679004200,watch
user_032,series_VV,1679004260,watch
user_033,movie_ZZ,1679004320,watch
user_034,series_WW,1679004380,watch
user_035,movie_AAA,1679004440,watch
user_036,series_XX,1679004500,watch
user_037,movie_BBB,1679004560,watch
user_038,series_YY,1679004620,watch
user_039,movie_CCC,1679004680,watch
user_040,series_ZZ,1679004740,watch
user_041,movie_DDD,1679004800,watch
user_042,series_AAA,1679004860,watch
user_043,movie_EEE,1679004920,watch
user_044,series_BBB,1679004980,watch
user_045,movie_FFF,1679005040,watch
user_046,series_CCC,1679005100,watch
user_047,movie_GGG,1679005160,watch
user_048,series_DDD,1679005220,watch
user_049,movie_HHH,1679005280,watch
user_050,series_EEE,1679005340,watch
user_001,movie_III,1679005400,watch
user_002,series_FFF,1679005460,watch
user_003,movie_JJJ,1679005520,watch
user_004,series_GGG,1679005580,watch
user_005,movie_KKK,1679005640,watch
user_006,series_HHH,1679005700,watch
user_007,movie_LLL,1679005760,watch
user_008,series_III,1679005820,watch
user_009,movie_MMM,1679005880,watch
user_010,series_JJJ,1679005940,watch
user_011,movie_NNN,1679006000,watch
user_012,series_KKK,1679006060,watch
user_013,movie_OOO,1679006120,watch
user_014,series_LLL,1679006180,watch
user_015,movie_PPP,1679006240,watch
user_016,series_MMM,1679006300,watch
user_017,movie_QQQ,1679006360,watch
user_018,series_NNN,1679006420,watch
user_019,movie_RRR,1679006480,watch
user_020,series_OOO,1679006540,watch
user_021,movie_SSS,1679006600,watch
user_022,series_PPP,1679006660,watch
user_023,movie_TTT,1679006720,watch
user_024,series_QQQ,1679006780,watch
user_025,movie_UUU,1679006840,watch
user_026,series_RRR,1679006900,watch
user_027,movie_VVV,1679006960,watch
user_028,series_SSS,1679007020,watch
user_029,movie_WWW,1679007080,watch
user_030,series_TTT,1679007140,watch
user_031,movie_XXX,1679007200,watch
user_032,series_UUU,1679007260,watch
user_033,movie_YYY,1679007320,watch
user_034,series_VVV,1679007380,watch
user_035,movie_ZZZ,1679007440,watch
user_036,series_WWW,1679007500,watch
user_037,movie_AAAA,1679007560,watch
user_038,series_XXX,1679007620,watch
user_039,movie_BBBB,1679007680,watch
user_040,series_YYYY,1679007740,watch
user_041,movie_CCCC,1679007800,watch
user_042,series_ZZZZ,1679007860,watch
user_043,movie_DDDD,1679007920,watch
user_044,series_AAAA,1679007980,watch
user_045,movie_EEEE,1679008040,watch
user_046,series_BBBB,1679008100,watch
user_047,movie_FFFF,1679008160,watch
user_048,series_CCCC,1679008220,watch
user_049,movie_GGGG,1679008280,watch
user_050,series_DDDD,1679008340,watch
user_001,movie_E,1679008400,watch
user_002,series_A,1679008460,watch
user_003,movie_F,1679008520,watch
user_004,series_B,1679008580,watch
user_005,movie_G,1679008640,watch
user_006,series_C,1679008700,watch
user_007,movie_H,1679008760,watch
user_008,series_D,1679008820,watch
user_009,movie_I,1679008880,watch
user_010,series_E,1679008940,watch
user_011,movie_J,1679009000,watch
user_012,series_F,1679009060,watch
user_013,movie_K,1679009120,watch
user_014,series_G,1679009180,watch
user_015,movie_L,1679009240,watch
user_016,series_H,1679009300,watch
user_017,movie_M,1679009360,watch
user_018,series_I,1679009420,watch
user_019,movie_N,1679009480,watch
user_020,series_J,1679009540,watch
user_021,movie_O,1679009600,watch
user_022,series_K,1679009660,watch
user_023,movie_P,1679009720,watch
user_024,series_L,1679009780,watch
user_025,movie_Q,1679009840,watch
user_026,series_M,1679009900,watch
user_027,movie_R,1679009960,watch
user_028,series_N,1679010020,watch
user_029,movie_S,1679010080,watch
user_030,series_O,1679010140,watch
user_031,movie_T,1679010200,watch
user_032,series_P,1679010260,watch
user_033,movie_U,1679010320,watch
user_034,series_Q,1679010380,watch
user_035,movie_V,1679010440,watch
user_036,series_R,1679010500,watch
user_037,movie_W,1679010560,watch
user_038,series_S,1679010620,watch
user_039,movie_X,1679010680,watch
user_040,series_T,1679010740,watch
user_041,movie_Y,1679010800,watch
user_042,series_U,1679010860,watch
user_043,movie_Z,1679010920,watch
user_044,series_V,1679010980,watch
user_045,movie_AA,1679011040,watch
user_046,series_W,1679011100,watch
user_047,movie_BB,1679011160,watch
user_048,series_X,1679011220,watch
user_049,movie_CC,1679011280,watch
user_050,series_Y,1679011340,watch
user_001,movie_DD,1679011400,watch
user_002,series_Z,1679011460,watch
user_003,movie_EE,1679011520,watch
user_004,series_AA,1679011580,watch
user_005,movie_FF,1679011640,watch
user_006,series_BB,1679011700,watch
user_007,movie_GG,1679011760,watch
user_008,series_CC,1679011820,watch
user_009,movie_HH,1679011880,watch
user_010,series_DD,1679011940,watch
user_011,movie_II,1679012000,watch
user_012,series_EE,1679012060,watch
user_013,movie_JJ,1679012120,watch
user_014,series_FF,1679012180,watch
user_015,movie_KK,1679012240,watch
user_016,series_GG,1679012300,watch
user_017,movie_LL,1679012360,watch
user_018,series_HH,1679012420,watch
user_019,movie_MM,1679012480,watch
user_020,series_II,1679012540,watch
user_021,movie_NN,1679012600,watch
user_022,series_JJ,1679012660,watch
user_023,movie_OO,1679012720,watch
user_024,series_KK,1679012780,watch
user_025,movie_PP,1679012840,watch
user_026,series_LL,1679012900,watch
user_027,movie_QQ,1679012960,watch
user_028,series_MM,1679013020,watch
user_029,movie_RR,1679013080,watch
user_030,series_NN,1679013140,watch
user_031,movie_SS,1679013200,watch
user_032,series_OO,1679013260,watch
user_033,movie_TT,1679013320,watch
user_034,series_PP,1679013380,watch
user_035,movie_UU,1679013440,watch
user_036,series_QQ,1679013500,watch
user_037,movie_VV,1679013560,watch
user_038,series_RR,1679013620,watch
user_039,movie_WW,1679013680,watch
user_040,series_SS,1679013740,watch
user_041,movie_XX,1679013800,watch
user_042,series_TT,1679013860,watch
user_043,movie_YY,1679013920,watch
user_044,series_UU,1679013980,watch
user_045,movie_ZZ,1679014040,watch
user_046,series_VV,1679014100,watch
user_047,movie_AAA,1679014160,watch
user_048,series_WW,1679014220,watch
user_049,movie_BBB,1679014280,watch
user_050,series_XX,1679014340,watch
user_001,movie_CCC,1679014400,watch
user_002,series_YY,1679014460,watch
user_003,movie_DDD,1679014520,watch
user_004,series_ZZ,1679014580,watch
user_005,movie_EEE,1679014640,watch
user_006,series_AAA,1679014700,watch
user_007,movie_FFF,1679014760,watch
user_008,series_BBB,1679014820,watch
user_009,movie_GGG,1679014880,watch
user_010,series_CCC,1679014940,watch
user_011,movie_HHH,1679015000,watch
user_012,series_DDD,1679015060,watch
user_013,movie_III,1679015120,watch
user_014,series_EEE,1679015180,watch
user_015,movie_JJJ,1679015240,watch
user_016,series_FFF,1679015300,watch
user_017,movie_KKK,1679015360,watch
user_018,series_GGG,1679015420,watch
user_019,movie_LLL,1679015480,watch
user_020,series_HHH,1679015540,watch
user_021,movie_MMM,1679015600,watch
user_022,series_III,1679015660,watch
user_023,movie_NNN,1679015720,watch
user_024,series_JJJ,1679015780,watch
user_025,movie_OOO,1679015840,watch
user_026,series_KKK,1679015900,watch
user_027,movie_PPP,1679015960,watch
user_028,series_LLL,1679016020,watch
user_029,movie_QQQ,1679016080,watch
user_030,series_MMM,1679016140,watch
user_031,movie_RRR,1679016200,watch
user_032,series_NNN,1679016260,watch
user_033,movie_SSS,1679016320,watch
user_034,series_OOO,1679016380,watch
user_035,movie_TTT,1679016440,watch
user_036,series_PPP,1679016500,watch
user_037,movie_UUU,1679016560,watch
user_038,series_QQQ,1679016620,watch
user_039,movie_VVV,1679016680,watch
user_040,series_RRR,1679016740,watch
user_041,movie_WWW,1679016800,watch
user_042,series_SSS,1679016860,watch
user_043,movie_XXX,1679016920,watch
user_044,series_TTT,1679016980,watch
user_045,movie_YYY,1679017040,watch
user_046,series_UUU,1679017100,watch
user_047,movie_ZZZ,1679017160,watch
user_048,series_VVV,1679017220,watch
user_049,movie_AAAA,1679017280,watch
user_050,series_WWW,1679017340,watch
user_001,movie_BBBB,1679017400,watch
user_002,series_XXX,1679017460,watch
user_003,movie_CCCC,1679017520,watch
user_004,series_YYYY,1679017580,watch
user_005,movie_DDDD,1679017640,watch
user_006,series_ZZZZ,1679017700,watch
user_007,movie_EEEE,1679017760,watch
user_008,series_AAAA,1679017820,watch
user_009,movie_FFFF,1679017880,watch
user_010,series_BBBB,1679017940,watch
user_011,movie_GGGG,1679018000,watch
user_012,series_CCCC,1679018060,watch
user_013,movie_HHHH,1679018120,watch
user_014,series_DDDD,1679018180,watch
user_015,movie_IIII,1679018240,watch
user_016,series_EEEE,1679018300,watch
user_017,movie_JJJJ,1679018360,watch
user_018,series_FFFF,1679018420,watch
user_019,movie_KKKK,1679018480,watch
user_020,series_GGGG,1679018540,watch
user_021,movie_LLLL,1679018600,watch
user_022,series_HHHH,1679018660,watch
user_023,movie_MMMM,1679018720,watch
user_024,series_IIII,1679018780,watch
user_025,movie_NNNN,1679018840,watch
user_026,series_JJJJ,1679018900,watch
user_027,movie_OOOO,1679018960,watch
user_028,series_KKKK,1679019020,watch
user_029,movie_PPPP,1679019080,watch
user_030,series_LLLL,1679019140,watch
user_031,movie_QQQQ,1679019200,watch
user_032,series_MMMM,1679019260,watch
user_033,movie_RRRR,1679019320,watch
user_034,series_NNNN,1679019380,watch
user_035,movie_SSSS,1679019440,watch
user_036,series_OOOO,1679019500,watch
user_037,movie_TTTT,1679019560,watch
user_038,series_PPPP,1679019620,watch
user_039,movie_UUUU,1679019680,watch
user_040,series_QQQQ,1679019740,watch
user_041,movie_VVVV,1679019800,watch
user_042,series_RRRR,1679019860,watch
user_043,movie_WWWW,1679019920,watch
user_044,series_SSSS,1679019980,watch
user_045,movie_XXXX,1679020040,watch
user_046,series_TTTT,1679020100,watch
user_047,movie_YYYY,1679020160,watch
user_048,series_UUUU,1679020220,watch
user_049,movie_ZZZZ,1679020280,watch
user_050,series_VVVV,1679020340,watch
user_001,movie_AAAAA,1679020400,watch
user_002,series_WWWW,1679020460,watch
user_003,movie_BBBBB,1679020520,watch
user_004,series_XXXX,1679020580,watch
user_005,movie_CCCCC,1679020640,watch
user_006,series_YYYY,1679020700,watch
user_007,movie_DDDDD,1679020760,watch
user_008,series_ZZZZ,1679020820,watch
user_009,movie_EEEEE,1679020880,watch
user_010,series_AAAAA,1679020940,watch
user_011,movie_FFFFF,1679021000,watch
user_012,series_BBBBB,1679021060,watch
user_013,movie_GGGGG,1679021120,watch
user_014,series_CCCCC,1679021180,watch
user_015,movie_HHHHH,1679021240,watch
user_016,series_DDDDD,1679021300,watch
user_017,movie_IIIII,1679021360,watch
user_018,series_EEEEE,1679021420,watch
user_019,movie_JJJJJ,1679021480,watch
user_020,series_FFFFF,1679021540,watch
user_021,movie_KKKKK,1679021600,watch
user_022,series_GGGGG,1679021660,watch
user_023,movie_LLLLL,1679021720,watch
user_024,series_HHHHH,1679021780,watch
user_025,movie_MMMMM,1679021840,watch
user_026,series_IIIII,1679021900,watch
user_027,movie_NNNNN,1679021960,watch
user_028,series_JJJJJ,1679022020,watch
user_029,movie_OOOOO,1679022080,watch
user_030,series_KKKKK,1679022140,watch
user_031,movie_PPPPP,1679022200,watch
user_032,series_LLLLL,1679022260,watch
user_033,movie_QQQQQ,1679022320,watch
user_034,series_MMMMM,1679022380,watch
user_035,movie_RRRRR,1679022440,watch
user_036,series_NNNNN,1679022500,watch
user_037,movie_SSSSS,1679022560,watch
user_038,series_OOOOO,1679022620,watch
user_039,movie_TTTTT,1679022680,watch
user_040,series_PPPPP,1679022740,watch
user_041,movie_UUUUU,1679022800,watch
user_042,series_QQQQQ,1679022860,watch
user_043,movie_VVVVV,1679022920,watch
user_044,series_RRRRR,1679022980,watch
user_045,movie_WWWWW,1679023040,watch
user_046,series_SSSSS,1679023100,watch
user_047,movie_XXXXX,1679023160,watch
user_048,series_TTTTT,1679023220,watch
user_049,movie_YYYYY,1679023280,watch
user_050,series_UUUUU,1679023340,watch
user_021,movie_LLLLL,1679021600,watch
user_022,series_GGGGG,1679021660,watch
user_023,movie_LLLLL,1679021720,watch
user_024,series_HHHHH,1679021780,watch
user_025,movie_MMMMM,1679021840,watch
user_026,series_IIIII,1679021900,watch
user_027,movie_NNNNN,1679021960,watch
user_028,series_JJJJJ,1679022020,watch
user_029,movie_OOOOO,1679022080,watch
user_030,series_KKKKK,1679022140,watch
user_031,movie_PPPPP,1679022200,watch
user_032,series_LLLLL,1679022260,watch
user_033,movie_QQQQQ,1679022320,watch
user_034,series_MMMMM,1679022380,watch
user_035,movie_RRRRR,1679022440,watch
user_036,series_NNNNN,1679022500,watch
user_037,movie_SSSSS,1679022560,watch
user_038,series_OOOOO,1679022620,watch
user_039,movie_TTTTT,1679022680,watch
user_040,series_PPPPP,1679022740,watch
user_041,movie_UUUUU,1679022800,watch
user_042,series_QQQQQ,1679022860,watch
user_043,movie_VVVVV,1679022920,watch
user_044,series_RRRRR,1679022980,watch
user_045,movie_WWWWW,1679023040,watch
user_046,series_SSSSS,1679023100,watch
user_047,movie_XXXXX,1679023160,watch
user_048,series_TTTTT,1679023220,watch
user_049,movie_YYYYY,1679023280,watch
user_050,series_UUUUU,1679023340,watch
user_001,movie_ZZZZZ,1679023400,watch
user_002,series_VVVVV,1679023460,watch
user_003,movie_AAAAAA,1679023520,watch
user_004,series_WWWWW,1679023580,watch
user_005,movie_BBBBBB,1679023640,watch
user_006,series_XXXXX,1679023700,watch
user_007,movie_CCCCCC,1679023760,watch
user_008,series_YYYYY,1679023820,watch
user_009,movie_DDDDDD,1679023880,watch
user_010,series_ZZZZZ,1679023940,watch
user_011,movie_EEEEEE,1679024000,watch
user_012,series_AAAAAA,1679024060,watch
user_013,movie_FFFFFF,1679024120,watch
user_014,series_BBBBBB,1679024180,watch
user_015,movie_GGGGGG,1679024240,watch
user_016,series_CCCCCC,1679024300,watch
user_017,movie_HHHHHH,1679024360,watch
user_018,series_DDDDDD,1679024420,watch
user_019,movie_IIIIII,1679024480,watch
user_020,series_EEEEEE,1679024540,watch
user_021,movie_JJJJJJ,1679024600,watch
user_022,series_FFFFFF,1679024660,watch
user_023,movie_KKKKKK,1679024720,watch
user_024,series_GGGGGG,1679024780,watch
user_025,movie_LLLLLL,1679024840,watch
user_026,series_HHHHHH,1679024900,watch
user_027,movie_MMMMMM,1679024960,watch
user_028,series_IIIIII,1679025020,watch
user_029,movie_NNNNNN,1679025080,watch
user_030,series_JJJJJJ,1679025140,watch
user_031,movie_OOOOOO,1679025200,watch
user_032,series_KKKKKK,1679025260,watch
user_033,movie_PPPPPP,1679025320,watch
user_034,series_LLLLLL,1679025380,watch
user_035,movie_QQQQQQ,1679025440,watch
user_036,series_MMMMMM,1679025500,watch
user_037,movie_RRRRRR,1679025560,watch
user_038,series_NNNNNN,1679025620,watch
user_039,movie_SSSSSS,1679025680,watch
user_040,series_OOOOOO,1679025740,watch
user_041,movie_TTTTTT,1679025800,watch
user_042,series_PPPPPP,1679025860,watch
user_043,movie_UUUUUU,1679025920,watch
user_044,series_QQQQQQ,1679025980,watch
user_045,movie_VVVVVV,1679026040,watch
user_046,series_RRRRRR,1679026100,watch
user_047,movie_WWWWWW,1679026160,watch
user_048,series_SSSSSS,1679026220,watch
user_049,movie_XXXXXX,1679026280,watch
user_050,series_TTTTTT,1679026340,watch
user_001,movie_YYYYYY,1679026400,watch
user_002,series_UUUUUU,1679026460,watch
user_003,movie_ZZZZZZ,1679026520,watch
user_004,series_VVVVVV,1679026580,watch
user_005,movie_AAAAAAA,1679026640,watch
user_006,series_WWWWWW,1679026700,watch
user_007,movie_BBBBBBB,1679026760,watch
user_008,series_XXXXXX,1679026820,watch
user_009,movie_CCCCCCC,1679026880,watch
user_010,series_YYYYYY,1679026940,watch
user_011,movie_DDDDDDD,1679027000,watch
user_012,series_ZZZZZZ,1679027060,watch
user_013,movie_EEEEEEE,1679027120,watch
user_014,series_AAAAAAA,1679027180,watch
user_015,movie_FFFFFFF,1679027240,watch
user_016,series_BBBBBBB,1679027300,watch
user_017,movie_GGGGGGG,1679027360,watch
user_018,series_CCCCCCC,1679027420,watch
user_019,movie_HHHHHHH,1679027480,watch
user_020,series_DDDDDDD,1679027540,watch
user_021,movie_IIIIIII,1679027600,watch
user_022,series_EEEEEEE,1679027660,watch
user_023,movie_JJJJJJJ,1679027720,watch
user_024,series_FFFFFFF,1679027780,watch
user_025,movie_KKKKKKK,1679027840,watch
user_026,series_GGGGGGG,1679027900,watch
user_027,movie_LLLLLLL,1679027960,watch
user_028,series_HHHHHHH,1679028020,watch
user_029,movie_MMMMMMM,1679028080,watch
user_030,series_IIIIIII,1679028140,watch
user_031,movie_NNNNNNN,1679028200,watch
user_032,series_JJJJJJJ,1679028260,watch
user_033,movie_OOOOOOO,1679028320,watch
user_034,series_KKKKKKK,1679028380,watch
user_035,movie_PPPPPPP,1679028440,watch
user_036,series_LLLLLLL,1679028500,watch
user_037,movie_QQQQQQQ,1679028560,watch
user_038,series_MMMMMMM,1679028620,watch
user_039,movie_RRRRRRR,1679028680,watch
user_040,series_NNNNNNN,1679028740,watch
user_041,movie_SSSSSSS,1679028800,watch
user_042,series_OOOOOOO,1679028860,watch
user_043,movie_TTTTTTT,1679028920,watch
user_044,series_PPPPPPP,1679028980,watch
user_045,movie_UUUUUUU,1679029040,watch
user_046,series_QQQQQQQ,1679029100,watch
user_047,movie_VVVVVVV,1679029160,watch
user_048,series_RRRRRRR,1679029220,watch
user_049,movie_WWWWWWW,1679029280,watch
user_050,series_SSSSSSS,1679029340,watch
user_001,movie_XXXXXXX,1679029400,watch
user_002,series_TTTTTTT,1679029460,watch
user_003,movie_YYYYYYY,1679029520,watch
user_004,series_UUUUUUU,1679029580,watch
user_005,movie_ZZZZZZZ,1679029640,watch
user_006,series_VVVVVVV,1679029700,watch
user_007,movie_AAAAAAAA,1679029760,watch
user_008,series_WWWWWWW,1679029820,watch
user_009,movie_BBBBBBBB,1679029880,watch
user_010,series_XXXXXXX,1679029940,watch
user_011,movie_CCCCCCCC,1679030000,watch
user_012,series_YYYYYYY,1679030060,watch
user_013,movie_DDDDDDDD,1679030120,watch
user_014,series_ZZZZZZZ,1679030180,watch
user_015,movie_EEEEEEEE,1679030240,watch
user_016,series_AAAAAAAA,1679030300,watch
user_017,movie_FFFFFFFF,1679030360,watch
user_018,series_BBBBBBBB,1679030420,watch
user_019,movie_GGGGGGGG,1679030480,watch
user_020,series_CCCCCCCC,1679030540,watch
user_021,movie_HHHHHHHH,1679030600,watch
user_022,series_DDDDDDDD,1679030660,watch
user_023,movie_IIIIIIII,1679030720,watch
user_024,series_EEEEEEEE,1679030780,watch
user_025,movie_JJJJJJJJ,1679030840,watch
user_026,series_FFFFFFFF,1679030900,watch
user_027,movie_KKKKKKKK,1679030960,watch
user_028,series_GGGGGGGG,1679031020,watch
user_029,movie_LLLLLLLL,1679031080,watch
user_030,series_HHHHHHHH,1679031140,watch
user_031,movie_MMMMMMMM,1679031200,watch
user_032,series_IIIIIIII,1679031260,watch
user_033,movie_NNNNNNNN,1679031320,watch
user_034,series_JJJJJJJJ,1679031380,watch
user_035,movie_OOOOOOOO,1679031440,watch
user_036,series_KKKKKKKK,1679031500,watch
user_037,movie_PPPPPPPP,1679031560,watch
user_038,series_LLLLLLLL,1679031620,watch
user_039,movie_QQQQQQQQ,1679031680,watch
user_040,series_MMMMMMMM,1679031740,watch
user_041,movie_RRRRRRRR,1679031800,watch
user_042,series_NNNNNNNN,1679031860,watch
user_043,movie_SSSSSSSS,1679031920,watch
user_044,series_OOOOOOOO,1679031980,watch
user_045,movie_TTTTTTTT,1679032040,watch
user_046,series_PPPPPPPP,1679032100,watch
user_047,movie_UUUUUUUU,1679032160,watch
user_048,series_QQQQQQQQ,1679032220,watch
user_049,movie_VVVVVVVV,1679032280,watch
user_050,series_RRRRRRRR,1679032340,watch
user_001,movie_WWWWWWWW,1679032400,watch
user_002,series_SSSSSSSS,1679032460,watch
user_003,movie_XXXXXXXX,1679032520,watch
user_004,series_TTTTTTTT,1679032580,watch
user_005,movie_YYYYYYYY,1679032640,watch
user_006,series_UUUUUUUU,1679032700,watch
user_007,movie_ZZZZZZZZ,1679032760,watch
user_008,series_VVVVVVVV,1679032820,watch
user_009,movie_AAAAAAAAA,1679032880,watch
user_010,series_WWWWWWWW,1679032940,watch
user_011,movie_BBBBBBBBB,1679033000,watch
user_012,series_XXXXXXXX,1679033060,watch
user_013,movie_CCCCCCCCC,1679033120,watch
user_014,series_YYYYYYYY,1679033180,watch
user_015,movie_DDDDDDDDD,1679033240,watch
user_016,series_ZZZZZZZZ,1679033300,watch
user_017,movie_EEEEEEEEE,1679033360,watch
user_018,series_AAAAAAAAA,1679033420,watch
user_019,movie_FFFFFFFFF,1679033480,watch
user_020,series_BBBBBBBBB,1679033540,watch
user_021,movie_GGGGGGGGG,1679033600,watch
user_022,series_CCCCCCCCC,1679033660,watch
user_023,movie_HHHHHHHHH,1679033720,watch
user_024,series_DDDDDDDDD,1679033780,watch
user_025,movie_IIIIIIIII,1679033840,watch
user_026,series_EEEEEEEEE,1679033900,watch
user_027,movie_JJJJJJJJJ,1679033960,watch
user_028,series_FFFFFFFFF,1679034020,watch
user_029,movie_KKKKKKKKK,1679034080,watch
user_030,series_GGGGGGGGG,1679034140,watch
user_031,movie_LLLLLLLLL,1679034200,watch
user_032,series_HHHHHHHHH,1679034260,watch
user_033,movie_MMMMMMMMM,1679034320,watch
user_034,series_IIIIIIIII,1679034380,watch
user_035,movie_NNNNNNNNN,1679034440,watch
user_036,series_JJJJJJJJJ,1679034500,watch
user_037,movie_OOOOOOOOO,1679034560,watch
user_038,series_KKKKKKKKK,1679034620,watch
user_039,movie_PPPPPPPPP,1679034680,watch
user_040,series_LLLLLLLLL,1679034740,watch
user_041,movie_QQQQQQQQQ,1679034800,watch
user_042,series_MMMMMMMMM,1679034860,watch
user_043,movie_RRRRRRRRR,1679034920,watch
user_044,series_NNNNNNNNN,1679034980,watch
user_045,movie_SSSSSSSSS,1679035040,watch
user_046,series_OOOOOOOOO,1679035100,watch
user_047,movie_TTTTTTTTT,1679035160,watch
user_048,series_PPPPPPPPP,1679035220,watch
user_049,movie_UUUUUUUUU,1679035280,watch
user_050,series_QQQQQQQQQ,1679035340,watch
user_001,movie_VVVVVVVVV,1679035400,watch
user_002,series_RRRRRRRRR,1679035460,watch
user_003,movie_WWWWWWWWW,1679035520,watch
user_004,series_SSSSSSSSS,1679035580,watch
user_005,movie_XXXXXXXXX,1679035640,watch
user_006,series_TTTTTTTTT,1679035700,watch
user_007,movie_YYYYYYYYY,1679035760,watch
user_008,series_UUUUUUUUU,1679035820,watch
user_009,movie_ZZZZZZZZZ,1679035880,watch
user_010,series_VVVVVVVVV,1679035940,watch
user_011,movie_AAAAAAAAAA,1679036000,watch
user_012,series_WWWWWWWWW,1679036060,watch
user_013,movie_BBBBBBBBBB,1679036120,watch
user_014,series_XXXXXXXXX,1679036180,watch
user_015,movie_CCCCCCCCCC,1679036240,watch
user_016,series_YYYYYYYYY,1679036300,watch
user_017,movie_DDDDDDDDDD,1679036360,watch
user_018,series_ZZZZZZZZZ,1679036420,watch
user_019,movie_EEEEEEEEEE,1679036480,watch
user_020,series_AAAAAAAAAA,1679036540,watch
user_021,movie_FFFFFFFFFF,1679036600,watch
user_022,series_BBBBBBBBBB,1679036660,watch
user_023,movie_GGGGGGGGGG,1679036720,watch
user_024,series_CCCCCCCCCC,1679036780,watch
user_025,movie_HHHHHHHHHH,1679036840,watch
user_026,series_DDDDDDDDDD,1679036900,watch
user_027,movie_IIIIIIIIII,1679036960,watch
user_028,series_EEEEEEEEEE,1679037020,watch
user_029,movie_JJJJJJJJJJ,1679037080,watch
user_030,series_FFFFFFFFFF,1679037140,watch
user_031,movie_KKKKKKKKKK,1679037200,watch
user_032,series_GGGGGGGGGG,1679037260,watch
user_033,movie_LLLLLLLLLL,1679037320,watch
user_034,series_HHHHHHHHHH,1679037380,watch
user_035,movie_MMMMMMMMMM,1679037440,watch
user_036,series_IIIIIIIIII,1679037500,watch
user_037,movie_NNNNNNNNNN,1679037560,watch
user_038,series_JJJJJJJJJJ,1679037620,watch
user_039,movie_OOOOOOOOOO,1679037680,watch
user_040,series_KKKKKKKKKK,1679037740,watch
user_041,movie_PPPPPPPPPP,1679037800,watch
user_042,series_LLLLLLLLLL,1679037860,watch
user_043,movie_QQQQQQQQQQ,1679037920,watch
user_044,series_MMMMMMMMMM,1679037980,watch
user_045,movie_RRRRRRRRRR,1679038040,watch
user_046,series_NNNNNNNNNN,1679038100,watch
user_047,movie_SSSSSSSSSS,1679038160,watch
user_048,series_OOOOOOOOOO,1679038220,watch
user_049,movie_TTTTTTTTTT,1679038280,watch
user_050,series_PPPPPPPPPP,1679038340,watch
user_001,movie_UUUUUUUUUU,1679038400,watch
user_002,series_QQQQQQQQQQ,1679038460,watch
user_003,movie_VVVVVVVVVV,1679038520,watch
user_004,series_RRRRRRRRRR,1679038580,watch
user_005,movie_WWWWWWWWWW,1679038640,watch
user_006,series_SSSSSSSSSS,1679038700,watch
user_007,movie_XXXXXXXXXX,1679038760,watch
user_008,series_TTTTTTTTTT,1679038820,watch
user_009,movie_YYYYYYYYYY,1679038880,watch
user_010,series_UUUUUUUUUU,1679038940,watch
user_011,movie_ZZZZZZZZZZ,1679039000,watch
user_012,series_VVVVVVVVVV,1679039060,watch
user_013,movie_AAAAAAAAAAA,1679039120,watch
user_014,series_WWWWWWWWWW,1679039180,watch
user_015,movie_BBBBBBBBBBB,1679039240,watch
user_016,series_XXXXXXXXXX,1679039300,watch
user_017,movie_CCCCCCCCCCC,1679039360,watch
user_018,series_YYYYYYYYYY,1679039420,watch
user_019,movie_DDDDDDDDDDD,1679039480,watch
user_020,series_ZZZZZZZZZZ,1679039540,watch
user_021,movie_EEEEEEEEEEE,1679039600,watch
user_022,series_AAAAAAAAAAA,1679039660,watch
user_023,movie_FFFFFFFFFFF,1679039720,watch
user_024,series_BBBBBBBBBBB,1679039780,watch
user_025,movie_GGGGGGGGGGG,1679039840,watch
user_026,series_CCCCCCCCCCC,1679039900,watch
user_027,movie_HHHHHHHHHHH,1679039960,watch
user_028,series_DDDDDDDDDDD,1679040020,watch
user_029,movie_IIIIIIIIIII,1679040080,watch
user_030,series_EEEEEEEEEEE,1679040140,watch
user_031,movie_JJJJJJJJJJJ,1679040200,watch
user_032,series_FFFFFFFFFFF,1679040260,watch
user_033,movie_KKKKKKKKKKK,1679040320,watch
user_034,series_GGGGGGGGGGG,1679040380,watch
user_035,movie_LLLLLLLLLLL,1679040440,watch
user_036,series_HHHHHHHHHHH,1679040500,watch
user_037,movie_MMMMMMMMMMM,1679040560,watch
user_038,series_IIIIIIIIIII,1679040620,watch
user_039,movie_NNNNNNNNNNN,1679040680,watch
user_040,series_JJJJJJJJJJJ,1679040740,watch
user_041,movie_OOOOOOOOOOO,1679040800,watch
user_042,series_KKKKKKKKKKK,1679040860,watch
user_043,movie_PPPPPPPPPPP,1679040920,watch
user_044,series_LLLLLLLLLLL,1679040980,watch
user_045,movie_QQQQQQQQQQQ,1679041040,watch
user_046,series_MMMMMMMMMMM,1679041100,watch
user_047,movie_RRRRRRRRRRR,1679041160,watch
user_048,series_NNNNNNNNNNN,1679041220,watch
user_049,movie_SSSSSSSSSSS,1679041280,watch
user_050,series_OOOOOOOOOOO,1679041340,watch
user_001,movie_TTTTTTTTTTT,1679041400,watch
user_002,series_PPPPPPPPPPP,1679041460,watch
user_003,movie_UUUUUUUUUUU,1679041520,watch
user_004,series_QQQQQQQQQQQ,1679041580,watch
user_005,movie_VVVVVVVVVVV,1679041640,watch
user_006,series_RRRRRRRRRRR,1679041700,watch
user_007,movie_WWWWWWWWWWW,1679041760,watch
user_008,series_SSSSSSSSSSS,1679041820,watch
user_009,movie_XXXXXXXXXXX,1679041880,watch
user_010,series_TTTTTTTTTTT,1679041940,watch
user_011,movie_YYYYYYYYYYY,1679042000,watch
user_012,series_UUUUUUUUUUU,1679042060,watch
user_013,movie_ZZZZZZZZZZZ,1679042120,watch
user_014,series_VVVVVVVVVVV,1679042180,watch
user_015,movie_AAAAAAAAAAAA,1679042240,watch
user_016,series_WWWWWWWWWWW,1679042300,watch
user_017,movie_BBBBBBBBBBBB,1679042360,watch
user_018,series_XXXXXXXXXXX,1679042420,watch
user_019,movie_CCCCCCCCCCCC,1679042480,watch
user_020,series_YYYYYYYYYYY,1679042540,watch
user_021,movie_DDDDDDDDDDDD,1679042600,watch
user_022,series_ZZZZZZZZZZZ,1679042660,watch
user_023,movie_EEEEEEEEEEEE,1679042720,watch
user_024,series_AAAAAAAAAAAA,1679042780,watch
user_025,movie_FFFFFFFFFFFF,1679042840,watch
user_026,series_BBBBBBBBBBBB,1679042900,watch
user_027,movie_GGGGGGGGGGGG,1679042960,watch
user_028,series_CCCCCCCCCCCC,1679043020,watch
user_029,movie_HHHHHHHHHHHH,1679043080,watch
user_030,series_DDDDDDDDDDDD,1679043140,watch
user_031,movie_IIIIIIIIIIII,1679043200,watch
user_032,series_EEEEEEEEEEEE,1679043260,watch
user_033,movie_JJJJJJJJJJJJ,1679043320,watch
user_034,series_FFFFFFFFFFFF,1679043380,watch
user_035,movie_KKKKKKKKKKKK,1679043440,watch
user_036,series_GGGGGGGGGGGG,1679043500,watch
user_037,movie_LLLLLLLLLLLL,1679043560,watch
user_038,series_HHHHHHHHHHHH,1679043620,watch
user_039,movie_MMMMMMMMMMMM,1679043680,watch
user_040,series_IIIIIIIIIIII,1679043740,watch
user_041,movie_NNNNNNNNNNNN,1679043800,watch
user_042,series_JJJJJJJJJJJJ,1679043860,watch
user_043,movie_OOOOOOOOOOOO,1679043920,watch
user_044,series_KKKKKKKKKKKK,1679043980,watch
user_045,movie_PPPPPPPPPPPP,1679044040,watch
user_046,series_LLLLLLLLLLLL,1679044100,watch
user_047,movie_QQQQQQQQQQQQ,1679044160,watch
user_048,series_MMMMMMMMMMMM,1679044220,watch
user_049,movie_RRRRRRRRRRRR,1679044280,watch
user_050,series_NNNNNNNNNNNN,1679044340,watch